{
   "Version":"2012-10-17",
   "Statement":[
      {
         "Effect":"Deny",
         "Action":[
            "organizations:LeaveOrganization",
            "organizations:DeleteOrganization"
         ],
         "Resource":[
            "*"
         ],
         "Condition":{
            "ArnNotLike":{
               "aws:PrincipalARN":[
                  "arn:${PARTITION}:iam::*:role/${ACCELERATOR_PREFIX}-*",
                  "arn:${PARTITION}:iam::*:role/AWSControlTowerExecution"
               ]
            }
         }
      },
      {
         "Effect":"Deny",
         "Action":[
            "iam:CreateAccessKey"
         ],
         "Resource":[
            "arn:aws:iam::*:root"
         ]
      },
      {
         "Effect":"Deny",
         "Action":[
            "s3:PutAccountPublicAccessBlock"
         ],
         "Resource":[
            "*"
         ],
         "Condition":{
            "ArnNotLike":{
               "aws:PrincipalARN":[
                  "arn:${PARTITION}:iam::*:role/${ACCELERATOR_PREFIX}-*"
               ]
            }
         }
      }
   ]
}
